Gene,,,MCF7_1,HS27_2,HS5_3,HS5_4,HS27_5,HS27_6,MCF7_7,HS5_8,HS5_9,HS5_10,HS27_11,MCF7_12,HS5_13,HS27_14,HS5_15,HS27_16,HS5_17,MCF7_18,HS5_19,HS27_20,HS27_21,MCF7_22,HS27_23
Gene,value1,value2,MCF7,HS27,HS5,HS5,HS27,HS27,MCF7,HS5,HS5,HS5,HS27,MCF7,HS5,HS27,HS5,HS27,HS5,MCF7,HS5,HS27,HS27,MCF7,HS27
KRT9,sdf,,913206.45,974658.52,1261849.273,2603455.836,1022466.22,1738788.09,2740640.594,1263193.856,1265547.55,1476281.068,891161.15,1114678.31,909683.28,1099412.126,1166527.27,2465309.14,1864942.59,1501845.64,1790185.081,1267743.484,1806816.126,1697604.771,1496538.675
KRT1,,sgd,1317761.66,3024647.54,1688148.941,2875951.803,2269400.7,2608971.67,2820945.901,1574943.46,2800154.68,2039932.42,1005845.08,1259409.477,1133406.33,1227051.87,1366137.6,2813360.08,2325176.55,2258353.032,2150865.77,1822109.24,2498419.96,1913716.38,1739515.65
KRT2,,,581644.482,1501587.5,545484.4,678903.915,1923543.786,638526.028,713301.52,515106.86,1563988.569,609726.89,247474.26,316915.418,442788.021,532882.945,477803.44,753435.24,581143,847599.5,554770.998,555794.694,881443.42,476210.47,525165.94
KRT10,df,,637436.819,2463596.702,885276.026,1111055.846,2176203.122,1192977.398,936647.65,782531.58,2533346.13,788611.62,473915.712,528515.86,726016.55,884606.35,826455.496,911761.11,777743.39,1249112.32,785820.95,857473.14,1274799.12,711008.14,843281.19
FN1,,,31994.033,141016.12,10580.19,15699.67,6351.22,12349.19,14598.52,19493.46,54212.7,40695.97,16417.95,17714,53181.3,25133.13,18620.6,25608.29,38237.36,26633.1,14635.5,19022.45,47415.74,14953.04,14076.57
ALB,,,778739.788,844699.1,996760.648,56542.83,1076143.27,105057.21,36597.05,818079.26,656995.86,676986.5,895249.4,880891.92,694248.8,211077.59,80285.98,83851.696,14076.47,593400.3,805765.27,889142.98,55029.14,42362.74,183941.18
DSP,,dgf,1005.49,8812.18,4766.58,8651.9,10381.34,12790.7,5972.45,2752.03,12825.02,594.7,877.98,845.17,2118.35,0,10154.33,13407.72,6866.78,49003.21,7985.55,6087.96,5407.91,3935.19,4499.09
TLN1,,,0,357.55,0,412.28,0,1378.8,0,0,831.09,3444,476.48,0,0,0,0,0,4716,0,1541.8,0,1176.14,6151.2,0
KRT86,,,16948.364,15015.171,15157.16,16815.41,10878.35,19757.5,86388.314,30267.222,74129.09,19396.84,177929.88,35809.94,51013.466,1339.08,3109805.006,908819.24,4865.7,38049.91,841571.81,216275.136,8679.46,107827.61,52502.17
ANK1,,,1479.36,0,1095,0,23939.27,6329.9,744.76,286.82,0,14165.84,2811.42,0,0,0,0,4235.967,1169.95,457.02,10014.04,1602.95,0,80942.84,0
KRT85,,,193.95,0,83.594,272.04,478.99,659.722,4115.39,1163.18,4581.03,1143.58,12735.19,1783.12,1945.64,0,240420.43,68814.79,0,1411.3,62710.49,15424.1,0,10778.51,3780.58
KRT83,,,0,0,0,0,0,455.06,72.203,0,0,0,970.83,0,0,0,44603.679,21271.7,0,0,11655.63,1298.18,0,3995.23,0
KRT14,,,32290.6,28952.2,29723.7,36350.7,38845.2,58128,47264.3,26271.14,25334.74,26317.5,16446.02,22302.62,26549.3,11151.5,16043.18,50752.2,44925.1,30725.6,37052.6,32780.8,36615.1,44991.6,24085.14
FGB,,,461324.02,621912.4,259279.6,210013.3,300715.9,220790.74,345792.55,311308.7,990470.4,1210928.31,256923.7,211216.56,268769.65,485273.824,253153.514,446268.64,1028558.03,261198.7,343173.9,419371.16,185657.9,181315.01,465726.4
FGG,,,81229,107030,42546,36970,47638,47638,56585,36815,249564.83,2495.73,85034,37812,122890,158169.93,83747,46841,334380,86277,51741,36138,42455,86378,81991
PKM,,,62607.56,5392.75,17793.12,18190.29,13931.1,23901.2,55709.13,37994,43094.71,19589.63,27486.43,12955.5,16216.64,82020.051,13594.243,30076.3,51889.2,27980.06,30114.4,15085.33,14553.8,26127.8,38062.1
SPTB,,,180.1,0,0,0,17248.95,9174.48,0,0,0,9869.78,0,0,0,0,0,859.67,1146.1,0,1021.34,0,0,98332.12,0
KRT6C,,,347866.59,229079.37,247034.82,383518.35,303802.33,429034.35,232923.57,236155.34,300029.45,308181.85,198073.86,181817.57,340916.71,100969.54,187746.59,483004.88,525435.91,265789.51,365489.35,322444.02,390542.12,209134.78,188103.49
KRT6A,,,5175.6,1983.42,2869.7,3626.2,1990.74,4696.5,2418.8,3312,1794.56,4171,1293.9,2151.38,3286.8,231.03,773.35,6879.7,6006.1,2396.63,1695.2,3861.5,4151.2,2402.83,1420.22
KRT31,,,5884.11,11013.92,5593.48,8093.06,5309.19,15867.9,62566.14,31109.441,75285.74,25015.54,152027.97,24482.89,1308386.23,493,1901169.87,537012.92,8897.08,36407.93,492290.64,176710.246,8485.23,87567.68,33098.55
KRT16,,,52150.87,11829.6,27540.87,33541.07,18370.58,34401.4,25579.33,17922.16,8841.36,33807.13,22117.701,15332.05,52469.19,4743.7,11081.81,56754.21,63239.41,23552.85,47277.31,45276.15,50739.69,31929.39,14522.947
KRT33B,,,3206.15,2382.43,3903.52,4843.35,4682.4,9109.51,24049.67,10774.06,23857.09,11280.71,47933.6,9128.58,20674.44,0,669338.044,184261.81,1731.66,12298.02,154584.02,57867.333,4636.89,25292.33,11243.61
KRT6B,,,0,0,751.54,0,0,2889.6,0,0,0,2895.4,0,0,2295.5,0,0,6155.6,6621.8,0,0,2026.6,3192.1,0,0
KRT5,,,45356.11,87508.122,56465.06,70743.58,87878.12,99596.05,94001.17,39227.68,102487.93,58760.1,23615.15,38220.49,35964.77,29229.82,49303.2,96903.74,50193.65,77539.698,60675.635,56721.9,68662.4,40711,48409.49
KRT33A,,,0,0,0,124.61,0,0,464.87,55.031,1608.5,0,5052,463.37,1453.2,0,91076,19215.3,0,789.75,27047.4,4179.5,0,5541.3,1128.2
FLNA,,,211.21,0,0,0,0,1371.27,0,0,0,1206.69,0,0,0,0,0,0,11632.14,590.83,3211.36,750.89,113.14,5605.3,0
A2M,,,11413.9,7227.1,5605.424,3205.34,7965.266,5675.94,15035.8,3174.8,9486.39,18806.6,4489.788,6744.8,4279.9,14762.737,1967.24,9166.3,13466,5097,7175.6,10294,5400,11588.89,10630.4
GAPDH,,,282418.32,22404.9,64106.57,58783.3,31905.15,123941.37,128190.45,167928.62,70390.28,67676.54,41203.59,16467.48,31429.43,150740.3,40265.8,98838.17,95789.55,74749.38,135068.77,34198.65,11849.15,23872.08,73986.61
C3,,,0,98.042,0,0,0,0,0,0,0,1432.74,0,0,0,3386.59,0,614.63,0,189.95,150.46,253.61,117.19,0,190.21
JUP,,,0,0,0,0,644.12,0,0,0,0,0,0,0,0,0,0,0,0,648.45,0,0,0,0,0
KRT87P,,,0,178.1,0,0,172.6,155.91,557.32,152.07,466.32,0,661.89,158.39,215.58,0,34112,9883.7,0,0,4807.9,1849.5,0,1120.2,329.69
KRT17,,,4128.7,1227.6,1552.64,2936.62,1239.9,4004.84,1878.9,1518.84,1023.9,2740.26,362.26,354.9,2985.17,267.74,846.71,2586.64,4217.35,1030.32,5016.3,4222.77,3572.08,3967.4,614.86
KRT84,,,0,0,0,0,0,9297.09,0,577.08,0,3569.62,0,0,419.56,0,38744.03,0,0,0,5802.37,12808.31,0,458.2,0
CAPN1,,,32314.36,2528.72,8462.03,10777.36,4386.22,2900.46,24295.94,15676.47,9091.79,6111.332,5089.33,5534.24,2264.99,7813.54,6333.08,20195.29,2005.41,16304.98,13013.94,8331.15,7101.09,5135.66,10196.06
THBS1,,,0,11258,0,0,0,0,0,0,0,0,0,0,0,0,0,0,0,0,0,0,615.83,0,0
GSN,,,62732,45712.5,70491.7,52115.6,47016.2,56459.5,86225,80371.99,22626.9,23610.8,78002,75154,52313.8,92037,55928,58326.2,24611.59,64131.3,68333,82274.5,42135.4,27495.2,99452.4
ALDOA,,,15114.57,0,3402.04,719.58,610.38,1116.17,12504.7,4858.63,0,339.02,2284.45,939.99,2198.97,14657.2,2619,2864.2,2040.39,2355.25,1548.7,728.41,0,190.5,3824.04
DSG1,,,1876.33,33855.14,2359.85,13171.36,23044.15,13455.55,8564.53,4102.63,30355.61,5354.48,1814.63,2166.26,1002.5,6165.18,5180.49,8300.9,3816.86,25887.86,6379.99,4634.69,7269.98,1382.54,2738.03
MYH9,,,0,0,0,0,0,0,0,0,0,0,0,0,0,0,0,0,0,698.04,0,0,0,0,0
SYNCRIP,,,1651.3,1997.3,1074.6,2933.4,2476,3577.6,3049.7,2565.5,2315.4,6553.1,2947.4,3113,4129.9,0,3289.3,5376.3,2776.2,3562.9,4470.5,3878.5,5147.2,7153.3,1367.2
HRNR,,,880.918,3962,1119.65,5314.74,1784.077,1654.56,5799.827,624.24,797.17,4648.338,0,325.03,0,401.472,0,6871.289,2297.335,2944.33,3658.24,986.46,3136.4,3663.01,1766.66
PFKM,,,0,689.08,0,0,0,0,0,0,0,0,0,0,0,0,0,0,0,0,0,208.93,247.86,0,0
KRT36,,,749.6,738.04,738.9,892.78,890.18,748.9,0,0,1511.2,325.08,4930.01,0,2184.7,0,98721.39,21494.29,0,1039.7,14766.16,9190.36,691.91,3930.5,2109.8
FLG2,,,1047.5,9569.9,4457.9,5791.56,11078.55,4131.307,2428.997,4261.9,16048.24,4239.9,560.44,1133.9,2085.5,3804.6,4094.7,2656.4,1884.2,5897.11,2576.2,3612.8,7676.3,2345.9,3627.9
KRT77,,,0,0,240.34,7664.083,0,3374.39,546.82,2307.51,5213.86,294.83,89.77,64741,0,1133.11,412.76,1333.63,0,1766.28,0,72955,448.52,0,0
CAT,,,35086.21,5043.53,22247.8,31171.6,43939.1,80396,27135.26,62852.3,8230.23,25021.01,30766.4,22698.4,12120.1,37112.3,13410.389,21896.5,32826.9,47495.9,65699.59,13886.2,11485.59,58140.1,25975
KRT13,,,0,0,1981.98,0,0,0,0,6683.25,5948.86,0,0,0,0,0,0,3400.4,0,57.444,7121.92,0,0,0,0
MTHFD1,,,0,0,0,0,0,620.57,85.147,0,0,3080.33,0,0,0,0,0,0,1075.32,0,0,249.97,0,1511.85,0
ENO1,,,0,0,0,114.39,0,0,0,468.66,102.82,1443.5,0,0,0,0,0,867.54,0,1456.75,0,0,0,0,0
TF,,,0,586.87,318.31,0,1234.66,215.19,0,150.07,0,172.02,0,0,0,2570.74,0,288.25,0,0,0,0,0,0,0
LDHA,,,23488.07,0,4659.77,2542.469,939.86,9221.04,22938.72,5268.91,3404.39,3543.77,4975.62,1030.82,6782.55,8320.15,4487.14,4032.5,15289.2,7827.94,5728.61,5008.37,701.49,3742.13,11520.06
ITIH3,,,473.93,0,0,0,299.22,0,0,0,2226.8,373.5,0,0,0,0,0,0,3398.8,0,0,0,0,540.48,0
KRT78,,,4305.7,16860.69,5146.52,15421.98,11235.7,7882.42,11312.4,5509.17,21690.24,7478.99,2714.58,1973.49,2756.59,5061.93,4953.623,13176.33,8463.43,10932.51,8381.586,7053.69,10312.54,4362.95,5070.53
SERPINC1,,,0,0,0,0,0,0,0,0,0,0,0,0,0,0,0,0,0,0,0,0,0,0,0
C4A,,,23734.3,17637.2,19503.8,29802,16164.1,15342.13,31998,31867.3,31668.1,30631.7,20993.6,16950.3,17869.4,30582.33,16747,20639.7,31267.2,19852.9,27131.9,22639.8,16496.6,20784,25245.2
ATP2A1,,,0,0,0,0,0,0,0,0,0,0,0,0,0,0,0,0,0,0,0,0,824.24,0,0
KRT35,,,0,0,0,124.61,0,0,464.87,55.031,1608.5,0,5052,463.37,1453.2,0,96558.99,16061.68,0,789.75,17647.44,4179.5,0,5541.3,1128.2
F5,,,3420.6,19529.28,1420.4,4904.4,6741.1,6554.5,3674.1,1765,4564.58,8895.4,2960.4,1240.7,9759.5,4112.2,4439.3,9738.3,9784.3,7439,3015.4,6868.6,17097.4,4904.7,0
GPI,,,14425.2,602.48,2517.07,1394.69,877.5,4926.45,14457.81,3586.95,1523,1081.76,2738.01,1380.1,4817.54,3822.62,2227.94,2635.32,5715.46,2972.304,4990.1,2556.5,0,1658.3,6644.338
ENO3,,,0,646.54,0,0,0,3855,0,0,418.21,8727.4,351.94,0,1249.9,0,0,2422.99,2951.79,2211.23,0,204.58,1632.6,3423.31,0
F2,,,9611.1,13426.56,8334.03,7662.18,8578.47,6440.1,10802.03,5178.6,7812.9,13002.04,13031.5,6603.4,20351.7,27371.31,11011,6344,14961,8943.1,8945.2,8612.4,12706.834,10856,15581.4
EGFR,,,0,0,0,0,0,0,0,0,1250.8,850.45,0,893.15,271.86,894.56,0,0,0,0,0,0,0,0,132.88
ITIH2,,,4933.8,4588.47,3115.182,2178.14,4918.81,4678.1,4795.25,1727.26,4926.4,5032.8,1396.4,2875.1,2261.08,2536.18,2743.35,1870.75,8410,2857.59,4724.55,3495.38,3102,6520.7,3733.8
NME2,,,25775,0,0,9084.8,0,14756,16972,7463.6,4496,0,0,0,8065.6,0,4037.2,10444,6890.9,18154,16526,4370.3,5218.8,8237.4,120.92
APOB,,,9191.29,9132.98,3691.2,12895.06,7804.8,1199.8,6268.43,2790.3,6222.2,14134.2,16169.6,11922,2138.8,2093.1,11355.6,9812.2,9252.1,3835.2,4176.59,4569.3,5363.06,1042.5,6936.5
HBA1,,,1010900,1380575.62,445120,725087.1,1368670.64,2805824.21,907407.86,750490,12658.53,1296775.25,401943.07,933450,784400,178211.96,323980.67,1230800,2516710.94,1337528.27,1227815.9,1057724.38,1508391.27,2679421.6,477320
KRT75,,,0,0,0,889.09,0,0,0,0,0,0,0,0,0,0,0,20142,0,0,0,0,0,136.19,0
KRT4,,,49643,108444,36504,42917.02,116964,46980,49142,34564.29,67066.4,41530.18,15361.8,19420.2,29052,27556,15401,61928.6,66566,84402.59,42287.56,44458.26,60567.2,43157.33,25695.46
PXDN,,,0,0,1805.71,0,0,0,0,493.23,138.85,105.98,161.54,0,0,193.03,119.01,462.01,0,0,618.97,0,0,0,1561.95
SLC4A1,,,0,0,0,0,319.08,186,0,0,0,220.02,0,0,0,0,0,0,0,233.59,189.7,0,0,2332.9,0
ANXA2,,,0,1974.78,0,132.05,378.3,1119.7,0,0,1783.09,372.2,0,0,0,0,0,755.81,0,310.79,0,0,675.29,0,0
CCT2,,,0,0,0,0,0,0,0,0,0,0,0,0,0,0,0,0,100.13,0,0,0,0,0,0
HBB,,,0,553.86,1162.55,45256.19,627.04,22632.33,81205.78,440.58,9620.53,0,2225.063,640.56,0,848.81,5962.65,0,0,0,35526.21,519.6,751.15,1092.02,0
NME1,,,8210.3,371.85,1178.5,2852.9,614.85,3583.2,5582.4,2582,1790.53,617.69,258.38,381.44,1872.9,1621.62,1175.24,7793.2,3996.1,3865.2,4428,2588.2,1431.97,334.62,2411.2
IGHG1,,,1553.56,7375.1,11683.636,1192.6,21558.1,3334.4,800.43,8526.11,4137.48,6486.69,27843.27,5564.95,0,157919.56,7536.216,709.08,0,1417.29,6870.33,5460.36,650.22,1403.35,11491.17
SERPINA1,,,0,617.3,716.56,0,1626.11,0,0,0,0,0,830.398,179.72,0,7707.09,0,0,0,0,0,0,0,0,338.16
ALDOB,,,0,0,0,0,0,0,0,0,0,0,0,0,0,653.48,363.11,0,0,0,0,0,0,1345.9,515.58
KRT82,,,0,0,0,0,0,0,0,0,0,0,0,0,0,0,0,0,0,0,6116.67,0,0,0,990.52
CKM,,,0,1442.3,0,0,0,90.463,0,0,0,27095.5,0,0,0,0,0,0,30009.5,0,0,0,340.69,0,0
DSC1,,,0,8746.535,320.72,2626.05,9801.35,2623.41,2003.45,777.95,5099.71,0,0,0,56.097,804.92,0,1470.11,1065.6,7026.72,838.67,530.26,850.92,239.94,325.07
CHAD,,,4012.73,0,12051.98,9395,4656.69,2948.06,7288.2,7022.1,1254.717,841.65,4419.3,6085.5,1439.33,5783.6,4010.01,6878.43,643.8,7227.4,4435.114,3720.65,2264.75,4249.46,9609.7
LOXL1,,,316.13,0,3118.2,2412.72,0,125.32,0,0,581.85,0,3135.92,704.51,638.56,181.14,1828.76,0,0,0,273.78,1621.4,564.72,0,3177.95
EFEMP1,,,279.71,0,169.38,0,0,700.35,572.759,556.64,821.58,0,0,199.84,207.31,814.29,0,0,869.59,123.31,0,0,316.93,0,581.9
CP,,,15806.315,9877.9,13944.2,11752.8,16752,16912.1,20422.5,9954.8,33347,38687,24675,11603.1,22279.5,47014,19748.3,10931.9,58568,10048.7,20675.8,17537.3,11528.3,26089.9,21363.2
TGFBI,,,0,0,0,0,0,0,0,0,0,0,0,0,0,0,0,0,0,0,0,0,0,0,0
LRRC15,,,0,0,116.61,0,73.872,789.38,0,0,0,0,126.45,0,0,0,39046.93,9054.77,0,0,1103.2,187.22,0,0,0
POSTN,,,2219.79,0,4217.5,4722.4,3866.25,1287.7,5227.34,4536.5,1982.55,1196.8,6573.31,6676.75,1781.303,7123.141,979.46,2097.8,1443.2,4395.39,3093.9,4642.8,792.97,507.99,3957.66
EEF2,,,0,0,0,0,0,473.63,0,0,0,0,0,0,0,0,0,0,0,0,0,0,0,0,0
NME2P1,,,0,0,0,0,0,0,0,0,0,0,0,0,0,0,0,222.04,0,0,0,0,0,0,0
POTEE,,,0,0,0,0,0,0,0,0,0,0,0,0,0,37.159,0,0,0,3251.1,0,0,0,0,0
GSR,,,2289.17,0,0,0,0,0,101.13,0,0,0,0,0,0,0,0,0,0,0,0,0,0,0,0
KPRP,,,2049.7,16289.426,3318.61,3374.54,16593.19,8664.651,4849.66,1579.25,9440.17,1703.45,468.42,1234.61,1463.44,1638.228,159.48,6116.68,1556.086,3712.42,1350.014,3999.56,5192.56,4591.69,1991.18
KRT79,,,0,0,57.861,94.943,0,0,98.181,0,0,0,0,0,0,0,0,0,0,0,0,0,0,0,0
ACTBL2,,,0,0,0,0,0,0,0,0,1072.27,0,0,0,0,0,0,0,0,0,0,0,0,0,0
SERPINB12,,,467.09,3886.62,605.13,3192.161,1145.31,2721.12,1433.88,216.83,2449.69,841.13,454.57,534.9,0,0,345.44,1638.84,1000.87,1125.678,1359.698,1137.9,2443.12,699.983,629.95
MPP1,,,0,0,0,439.87,4311.59,3824.3,0,0,0,5357,252.922,0,0,0,0,2428.5,1822.6,1465.22,2004.2,834.66,0,13780.7,194.55
TUBB1,,,0,0,0,0,0,0,0,0,0,295.41,292.17,0,0,0,0,132.94,1722,0,0,0,0,688.03,0
ITGB3,,,0,0,0,0,0,0,0,0,0,0,0,0,0,0,0,0,0,0,382.99,0,0,0,0
VSIG8,,,0,0,0,0,0,0,0,0,0,0,0,0,0,0,6502.52,1265.86,0,0,7149.9,0,0,0,0
APOA1,,,115.41,2224.31,1569.27,0,2463.6,910.06,0,1960.37,810.08,1969.97,4483.21,1472.05,0,14203.36,1834.6,637.49,0,0,1096.91,0,0,0,2319.24
TGM3,,,0,2334.66,280.02,5102.6,930.06,3126.78,1993.09,1074.5,2896.14,301.72,182.06,494.79,1395,1056.8,2044.36,1345.78,847.08,1406.038,1705.1,536.21,1767.24,0,956.97
KRT15,,,0,0,0,1036.7,0,0,0,0,0,0,0,0,0,0,0,0,0,0,0,0,1429.8,0,0
FGA,,,0,0,0,0,637.08,0,0,0,0,0,1041.1,0,0,1451.673,0,0,0,0,0,0,0,0,584.88
PFKL,,,0,0,0,0,0,0,0,0,0,0,0,0,0,0,0,0,0,424.79,0,0,610.1,769.98,0
HNRNPL,,,0,0,0,132.86,0,0,0,522.56,862.58,2365.1,0,0,0,0,0,500.46,0,0,0,0,456.47,0,0
MMP1,,,0,0,0,0,0,0,0,0,14224.13,692.73,0,0,0,0,0,0,580.09,0,0,0,0,0,0
CFB,,,137756.36,73139.5,138467.71,132585.74,119862.41,109984.73,195124.61,134551,115781.74,125941.4,116826.48,137500.111,117067.1,656194.64,118420.17,95783.3,109179.15,115017,125481.41,125271.83,74259,92526.75,238958.72
IDH2,,,0,116.37,0,0,0,181.58,0,0,0,0,0,0,0,0,0,0,681.45,0,0,0,0,0,0
KRT19,,,0,0,0,0,0,0,0,0,0,0,0,0,0,0,0,0,0,854.45,0,0,0,0,0
HP,,,0,338.57,163.5,0,412.72,0,0,242,1766.8,4033.3,35.147,61.825,0,806.54,0,0,1051.2,0,0,0,0,0,276.84
ASS1,,,0,0,0,0,0,0,0,0,0,0,0,0,0,0,0,0,0,0,0,0,0,929.48,0
ITIH4,,,0,0,0,0,0,0,0,0,0,0,0,0,0,0,0,0,0,0,0,0,0,0,0
DNPEP,,,0,0,0,0,0,914.83,0,0,0,446.51,0,0,0,0,0,0,13863.17,0,0,0,0,0,0
CAD,,,570.4,0,0,0,0,0,0,0,0,0,0,0,0,241.18,0,0,332.43,0,0,0,0,0,0
CASP14,,,0,2501.59,0,5434.34,2023.4,11714.44,1647.08,1421.57,4329.25,0,0,0,0,941.07,0,0,213.82,3805.76,427.86,608.91,2087.03,0,49.077
PKP1,,,0,0,0,0,0,0,0,0,130.54,0,0,0,0,0,0,0,0,595.43,44.352,0,0,0,0
IGKC,,,0,2929.93,3048.52,1039.669,3885.06,2708.43,674.12,2468.2,1017.6,3221.25,3445.99,1296.33,0,35468.55,1162.1,1465.4,0,900.28,649.083,493.21,307.06,63.787,1924.1
SPTA1,,,0,0,0,0,0,0,0,0,0,0,0,0,0,0,0,0,0,0,0,0,0,2095.8,0
KRT38,,,20183,32234,18897,20244,55443,22958,20678,16109,27639,10637,4360.7,9905.7,13578,8835.9,15073.25,25393,8426.4,14337,19152.07,18347,23355,18759,14734
HBD,,,0,12933,0,0,16744,41904.25,0,0,0,0,4564.4,0,6444.7,0,3213.4,0,27792,6426,5463.8,0,0,0,9239.8
ARG1,,,0,4134.84,0,3118.44,3459.6,3951.73,3408.18,1201.959,5282.79,1839.62,454.27,0,576.36,602.7,1341.8,2174.86,943.34,1925.91,1537.68,1069.96,2566.75,0,918.16
EPPK1,,,0,0,0,0,0,0,0,0,0,0,0,0,0,0,0,0,0,2871.05,0,0,0,0,0
CAPNS1,,,2713.7,134.89,0,1262.4,391.72,6153.27,976.61,4589.6,9857.93,11162.83,3315.7,1174.87,2222.9,1336.26,742.14,2069.51,8872.4,6018.95,3831.75,1985.2,6479.2,11753.71,0
TKT,,,0,0,0,0,0,0,0,0,671.52,0,0,0,0,0,0,0,0,0,0,0,0,0,205.01
RNASE4,,,726699.28,205449.6,378854.9,519401.25,438375.1,342773.6,494652,528453.813,880605.01,581517.33,508874.81,453540.7,442520.167,645734,355452.6,575985.04,322038.1,415117.5,442415.215,351218.8,378799.2,407758.7,485342.5
PSMA7,,,0,0,0,0,239.07,0,902.2,0,0,0,0,0,0,0,103.77,0,510.98,0,233.57,150.62,0,0,0
PSMB5,,,0,0,0,0,0,0,0,0,0,0,0,0,0,0,0,0,0,0,0,0,0,0,0
LAP3,,,0,0,0,0,0,0,0,0,0,0,0,0,0,0,0,0,2109.31,0,0,0,0,0,0
PPIA,,,0,0,0,0,0,0,0,0,0,0,0,0,0,0,0,0,0,298.78,0,0,0,0,0
IGHG4,,,0,2135.46,5580.67,0,9197.8,0,0,0,0,0,0,0,0,9830.53,0,0,0,0,0,0,0,0,0
AKR1C1,,,0,0,0,0,0,0,0,0,6425.9,0,0,0,0,0,0,0,0,0,0,28244.9,5727.3,70683,0
GPD1,,,0,2907.6,0,0,0,1960.5,0,0,0,715.31,0,0,0,0,0,1408.5,1383,0,0,620.4,1932.9,1980.5,0
AKR1A1,,,0,300.51,0,463.44,0,0,0,0,1253.6,2665.72,622.93,0,527.28,0,0,1205.4,2764.4,1635.05,0,6710.35,962.94,8199.8,0
IGFBP5,,,140.46,0,218.59,292.08,128.34,0,261.86,0,310.08,0,0,0,0,0,0,278.44,0,139.38,273.97,192.83,246.72,244.55,109.27
SERPINA3,,,0,0,0,0,0,0,0,0,0,0,0,0,0,1055.69,0,0,0,0,0,0,0,0,0
PLG,,,82991.1,63400.4,117650.3,79484.9,117533.6,60996.2,159098,61464.4,91945.3,111906,95977,75816.51,116817,217803.9,106676.2,84496.8,102854.71,70974.8,95190.9,109686.7,63857.2,91349.5,175923.1
LGALS7,,,0,0,0,0,0,2063.12,0,0,921.66,0,0,0,0,0,1383.75,0,0,12536.18,0,0,0,0,0
KRT71,,,0,0,0,665.88,0,0,586.04,1168.2,2197.9,0,0,0,0,1387.1,0,190.93,1888.5,0,0,0,0,0,0
ANXA1,,,0,142.13,107.05,0,0,555.64,0,3556.82,2041.2,5113.2,0,0,0,0,0,0,2324.5,0,982.02,239.79,0,0,0
LCP1,,,0,0,0,0,0,0,0,0,460.77,194.62,0,0,0,0,0,0,0,0,0,0,0,0,0
POF1B,,,0,0,0,0,0,0,0,0,535.79,0,0,0,0,0,0,0,0,3312.95,0,0,0,0,0
BLMH,,,0,2679.6,702.59,2202.2,4110.9,6174.84,1952.4,1771.2,10228.75,1452.3,947.27,823.47,1269.5,1684.8,1217.1,1637.5,1354.1,3443.38,1135,1400,2359,909.46,1053
PSMA6,,,0,0,0,0,0,0,0,0,0,0,0,0,0,0,0,0,0,0,0,0,0,0,0
KRTAP13-1,,,0,0,0,0,0,0,0,0,0,0,60.845,0,0,0,14372.43,2470.016,0,0,741.82,0,0,0,0
KRT27,,,81746,245635,109284,235889.28,204287.86,67608.07,123674.66,108154.58,249548.94,59690,55320,73202,73914,106335.47,95394,126166.68,10197.29,215755.98,96210,100138,133430,44756,103161.434
KRT74,,,0,0,0,0,0,0,0,0,917.49,0,0,0,0,704.41,0,0,0,0,0,0,0,0,0
FLG,,,0,1577,0,0,1243.9,8226.04,0,0,4144.61,0,0,0,0,0,0,536.77,0,2046.83,132.31,0,0,0,0
F13A1,,,0,4089.8,0,0,1130.4,0,0,0,0,0,0,0,0,0,0,0,321.96,0,0,0,0,3921.2,0
NAMPT,,,0,0,0,0,0,589.47,0,0,0,0,905.54,0,0,0,0,0,148,0,0,0,0,223.75,0
IGHG3,,,188.62,968.1,1164.5,301.54,1629.1,591.37,0,822.85,0,918.58,586.51,501.15,0,1819.4,344.71,422.94,0,369.33,656.18,799.37,364.38,0,1086.1
CBR1,,,0,0,0,0,0,0,0,0,0,1311,0,0,0,0,0,847.75,0,414.15,939.9,3207.4,1020.4,8623,0
KRTAP13-2,,,0,0,0,0,0,0,0,0,0,0,0,0,0,0,5369.74,461.7,0,0,332.45,155.24,0,0,0
CALML5,,,0,0,0,969.12,72.774,5032.98,1663.6,766.95,678.97,821.71,90.071,449.21,0,347.25,1024.06,0,0,2912.97,362.76,122.81,274.77,0,317.22
KRTAP13-4,,,0,0,0,0,0,0,0,0,0,0,236.88,0,0,0,22178.29,2142.76,0,0,147.19,320.49,0,0,0
GNPNAT1,,,402.63,0,0,0,0,0,0,0,0,0,0,0,0,0,0,0,0,0,0,0,0,0,0
IGHG2,,,0,280.81,527.43,0,646.91,0,0,0,0,0,1019.8,0,0,14863.1,428.3,0,0,0,357.19,0,0,0,191.94
CDH1,,,29182.8,274.94,1776.69,1242.5,1354.3,1700.97,3175.4,4473.15,1966.42,985.93,516.67,752.26,320.81,1983.17,226.47,2743.1,1382.6,1972.24,3172.8,1265.29,989.68,544.69,2599.86
CKMT1A,,,2569.4,0,0,0,0,529.48,1177.8,1155.8,0,0,0,0,672.33,353.37,0,591.25,1870.2,0,517.43,0,0,0,0
KRT39,,,0,0,0,0,0,0,0,0,0,0,0,0,0,0,2440.54,0,0,0,0,0,0,0,0
PRDX2,,,0,0,0,99.005,0,0,0,0,330.398,0,0,0,0,0,0,0,0,0,0,0,0,0,0
NPNT,,,2678.11,555.42,2299.6,3046.1,2361.2,213.18,3547.8,2521.9,3493.6,5882.8,767.23,1164.9,440.98,1713.7,389.19,5263.3,189.6,2969.7,2104.2,1613.8,821.82,367.65,2026.2
PSMB1,,,0,0,0,0,0,0,0,0,0,0,0,0,0,0,0,0,0,0,0,0,0,0,0
HNRNPR,,,0,228.34,0,396.27,428,623.53,537.44,0,106.22,4266.85,108.42,308.83,243.44,0,0,1495.7,348.55,605.62,667.52,581.87,1058.2,3538.8,263.92
H1-2,,,0,0,0,0,0,0,0,0,0,0,0,0,0,0,0,78.86,0,0,0,0,0,0,0
FBLN1,,,0,210.47,0,0,0,395.18,167.98,101.89,0,141.51,0,0,0,325.57,0,157.83,250.87,0,150.62,60.432,0,220.76,255.92
CRIP2,,,307.933,0,0,0,0,119.42,0,0,0,0,0,0,0,0,0,168.63,384.254,0,0,0,0,0,0
SERPINB3,,,0,0,0,0,0,3504.69,0,0,0,0,0,0,0,0,0,0,0,0,0,0,0,0,0
RAC2,,,0,0,0,0,0,0,0,2207.7,611.52,803.81,0,0,0,0,0,217.25,0,0,0,0,0,0,0
SERPINE2,,,0,0,0,0,0,0,0,0,823.24,0,0,0,0,0,0,2217.04,0,0,1478.3,2812.88,0,0,0
RPS16,,,0,0,0,0,0,0,0,0,0,0,0,0,0,0,0,0,0,0,0,0,0,0,0
RPS5,,,3285.9,4904.5,0,3954.8,4042.3,5116.8,4967.2,2952.4,4126.4,14073.43,6382.8,4145,4755.6,2170,2577.9,5782.1,12493,8847.3,3745,2606.7,5254.4,5385,6468.6
CCT6A,,,0,0,0,0,0,0,0,0,0,2722.55,0,0,0,0,0,0,0,0,0,0,0,0,0
RPL38,,,0,0,0,0,0,814.95,0,339.89,0,3299.6,0,307.3,0,0,0,0,0,1189.7,0,0,0,0,0
BLVRB,,,0,0,0,0,0,0,0,0,0,0,0,0,0,0,0,0,0,0,0,0,0,0,0
AMY1C,,,0,0,0,0,0,0,0,0,0,0,0,0,0,0,0,0,0,0,1083.35,0,0,0,0
HPX,,,18962,4953.3,10692,9008.3,7119,2784.7,11269,10178,78747,32967,20304,9622,12082,27077,16217,8865.6,11530,11065,9287.5,8685.5,7011.6,12278,13711
TP53I3,,,6565.39,0,0,0,0,0,261.94,483.97,0,0,0,0,0,0,0,0,0,193.95,0,0,0,0,0
IGLC3,,,0,198.31,289.356,0,833.43,0,0,0,0,313.38,1525.78,0,0,13991.8,353.92,0,0,0,0,0,0,0,0
IGLC2,,,0,198.31,102.45,0,204.75,0,0,0,0,0,0,0,0,0,0,0,0,0,0,0,0,0,0
PRDX6,,,0,0,0,0,0,0,0,0,0,0,0,0,0,0,480.89,0,0,0,0,0,0,0,0
FABP4,,,0,0,0,0,0,0,0,0,0,0,0,0,0,0,2035.73,0,0,0,0,0,0,0,0
MPO,,,0,0,0,0,0,0,0,0,1290.3,420.28,0,0,0,0,0,0,0,0,0,0,0,0,0
PRELP,,,0,0,0,229.42,0,0,0,0,158.45,0,0,0,0,0,0,0,0,0,0,0,0,0,219.05
SLC25A5,,,0,0,0,0,0,0,0,0,0,0,0,0,0,0,0,0,0,0,0,0,939.27,0,0
DCXR,,,3158.91,0,0,0,0,0,0,0,0,0,0,0,0,0,0,0,0,0,0,0,0,0,0
SERPIND1,,,0,0,0,0,0,0,0,0,0,0,0,0,0,0,0,0,0,0,0,0,0,0,0
SBSN,,,0,1531.38,0,0,309.83,363.23,0,0,88.145,0,0,0,0,0,0,0,0,0,0,0,0,0,0
ACP5,,,3194.7,0,7451.6,4588.4,5582.5,806.89,3295.3,3337.2,2942,1409.5,5268.61,6161.7,2264.7,2349.5,5822.9,2158.9,742.84,3193.4,2356.6,2883.9,668.95,3307.4,5267.9
COL1A1,,,0,0,0,0,0,0,0,0,0,337.86,0,0,0,0,0,0,0,0,0,0,0,0,0
PGLYRP2,,,0,0,0,0,0,0,0,0,0,0,0,0,0,0,0,0,0,0,0,0,0,0,0
ALDH8A1,,,0,0,0,0,0,0,0,0,0,0,0,0,0,0,0,0,0,0,0,0,0,732.35,0
PYGB,,,0,0,0,0,0,0,0,0,0,959,0,0,0,0,0,0,0,0,0,0,0,0,0
MMP19,,,1658.3,0,2041.2,2099.9,1388.4,0,2092.8,3289.5,2128.1,2530.4,1328.4,1868.8,814.31,2478,1104.5,1943.6,77.356,757.99,324.65,1719.6,612.91,0,1895.9
KRT80,,,0,0,0,929.03,169.73,1097.86,961.38,0,789.72,0,0,0,0,0,524.23,682.67,0,941.66,0,0,638.09,0,0
C1R,,,0,0,0,0,0,0,0,0,0,218.68,0,94.384,0,0,0,0,0,0,101.32,0,0,0,0
SORD,,,4557.2,0,0,0,0,0,488.6,0,0,0,0,0,0,166.93,0,0,143.43,0,0,0,0,0,0
SERPING1,,,4281.8,5416.5,7000.1,6451.3,5726.2,6519.5,13025.3,8685.7,3935.4,16918.3,1458.6,8471.1,1884,11853.5,6056.4,6654.4,11917.7,5124.2,8318,10534,1556.2,4211.2,11563.9
TXNRD2,,,1288,214.65,846.92,1624.5,1133.7,5945.3,2020.5,1549.2,0,2113.6,1561.7,1914.1,2548.3,1279.3,1404.8,1971.1,2253.8,1304.6,1457.5,1702.4,2543.8,4363.7,1419.7
ASPDH,,,0,0,0,0,0,0,0,0,0,0,0,0,0,0,0,343.69,0,0,0,458.3,0,3472.5,0
CA2,,,0,0,0,0,0,154.21,0,0,0,0,0,0,533.24,0,0,0,0,0,0,0,0,1452.7,0
PSMB3,,,0,0,0,0,0,0,0,0,0,0,0,0,0,0,0,0,0,0,0,0,0,0,0
ALDOC,,,6056.2,7982.5,2229,0,0,8901.4,7628.6,3984.1,3808.1,7336,4194,2159.3,5752.8,0,3796.5,5714.2,5125.3,2530.7,2344.2,3283.5,5109.1,3404.3,3170
ASPN,,,1787.8,0,4699.2,382.39,2543.5,0,4233.6,3660.7,1413.5,1027.3,2134.2,3380,0,1146.9,2473.7,1272.1,0,2157.6,1359.1,0,313.02,0,4827.4
HSPB1,,,307.68,0,0,461.06,0,4018.58,678.72,617.63,1477.92,0,0,0,0,0,348.49,1632.22,583.83,7758.6,659.269,268.41,0,0,313.6
TGM1,,,0,0,0,387.27,0,562.77,0,0,554.32,0,0,0,0,0,0,0,0,603.8,0,0,231.21,0,0
IGHA1,,,0,0,747.11,595.91,1969.69,331.6,0,711.55,0,562.07,1288.3,372,0,3361.18,614.41,233.8,0,0,0,0,0,0,534.77
PON1,,,0,0,0,0,0,0,0,0,0,0,0,0,0,0,0,0,0,0,0,0,0,0,0
KRT25,,,0,0,0,0,108.72,0,0,0,0,0,0,0,0,0,0,0,0,0,0,0,0,0,0
IL1RAP,,,0,0,0,0,0,0,0,0,0,0,0,0,0,0,0,0,0,0,0,0,0,0,0
FABP5,,,0,0,346.97,1619.73,0,549.67,0,345.33,820.16,0,0,0,61.353,0,123,943.75,237.45,1560.14,590.17,96.343,111.59,174.25,579.09
TMSB4X,,,0,0,0,0,0,0,0,0,0,1289.8,0,0,0,0,0,0,10160.6,0,603.56,177.33,0,3869.05,0
MST1,,,394.24,0,854.82,868.06,1201.84,0,1307.36,672.08,0,606.14,121.392,283.52,573.3,810.66,307.02,671.96,0,436.14,520.64,837.36,0,130.636,1177.26
PSMB4,,,48.728,0,0,0,0,0,0,0,0,0,0,0,0,0,0,0,0,0,0,0,0,0,0
H2AC1,,,0,0,0,0,0,780.43,0,3270.1,0,0,0,0,0,0,0,0,0,0,0,0,0,0,0
LYZ,,,0,0,0,0,0,0,0,0,0,0,302.59,0,0,0,0,0,0,0,0,0,0,0,0
GPX3,,,0,3840.9,4937.5,5428.4,3733.9,0,0,9258.8,0,0,4496.1,6043.5,3956.5,0,0,3198.6,2379.8,3955.1,5392.1,5410.3,5445.1,0,5985.1
LTBP1,,,0,314.02,0,0,0,0,0,0,0,0,0,0,0,0,0,0,0,0,0,0,1293.7,0,0
NCL,,,0,0,0,0,0,0,0,0,0,0,0,0,0,0,0,0,0,0,0,0,0,0,0
MASP1,,,0,0,0,0,0,0,0,0,0,0,0,0,0,0,0,0,0,0,0,0,0,0,0
DCD,,,775.35,0,0,2223.5,2199.6,4783.4,0,3469.3,1112.3,0,16269.74,1153.3,1046.1,0,1418.3,1970,0,1305.8,1915.4,2109.2,2866.7,656.03,2161.5
MYH14,,,0,0,0,0,0,0,0,0,0,0,0,0,0,0,0,0,0,221.87,0,0,0,0,0
CES1,,,3594.53,0,2764.2,914.49,2529.5,3980.22,9540.2,970.02,0,0,4746,10444.4,2677,8781.8,3836,575.03,465.31,787.12,2658.782,6447.9,0,0,11114
QSOX1,,,3637.9,239.83,5575.13,5941.41,6238.3,1490.31,9811.62,2759.39,10498.11,9944.5,7983,9048.45,4997.34,6745.92,5655.57,1363.32,4266.8,806.79,8739.4,5143.44,1594.74,7006.28,7119.7
IGFBP2,,,0,0,0,0,0,0,0,0,0,0,0,0,0,0,0,0,0,0,0,0,0,0,0
IGHM,,,0,0,0,0,0,309.99,0,0,0,1608.9,0,0,0,838.74,0,391.86,0,0,0,0,0,0,0
ADH5,,,0,2244.3,0,0,0,1347.4,0,0,0,1585.1,0,0,0,0,0,947.15,4705.1,0,0,0,310.57,3029.4,0
VWF,,,0,0,132.69,0,459.04,0,0,648.68,1331.7,0,230.05,1070.887,0,0,0,0,0,0,0,0,0,0,0
QPCT,,,0,0,213.58,0,0,0,0,304.63,0,0,232.54,0,0,0,0,0,0,116.54,0,0,286.47,0,0
PCOLCE,,,0,0,0,4501.4,0,0,0,0,0,859.04,3019.8,0,0,0,0,0,0,3486.5,0,0,0,0,0
G6PD,,,0,0,0,0,0,0,0,0,0,638.01,0,0,0,0,0,0,0,0,0,0,0,832.41,0
NME3,,,1127.28,0,0,0,0,0,0,0,0,0,0,0,0,0,0,0,0,0,0,0,0,0,0
KRTAP9-9,,,0,0,0,0,0,0,0,0,0,0,0,0,0,0,8062.74,684.06,0,0,18657.6,0,0,0,0
APOC1,,,0,272.58,118.6,167.38,495.8,486.41,0,180.94,105.67,245.97,0,193.29,0,0,0,334.26,376.06,0,0,0,0,0,0
SFN,,,0,0,0,0,0,0,0,0,0,0,0,0,0,0,0,0,0,167.83,0,0,0,0,0
PRSS1,,,70929.6,180485.9,229612,144604.8,369884,244261,316554.2,331880.8,133335.7,209985.4,93555.4,148959.2,164315.43,199731.4,184168.72,105507.2,42186,81578.2,249552.9,69282,87906,68867,261977.7
LTF,,,200.19,0,1046.4,454.36,0,0,345.12,595.84,3459.4,904.31,0,0,0,0,0,0,0,137.77,0,0,0,0,545.12
DHRS4,,,0,0,0,0,0,516.5,0,0,0,0,0,0,0,0,0,0,8421.4,0,0,0,0,0,0
MYH11,,,0,93635,0,155660,232530,0,0,80347,0,0,854.94,120620,115440,0,0,163040,0,0,100219,0,0,0,0
TFRC,,,1059.4,0,0,1118.3,0,1370.8,1506.6,0,2270.49,1229.6,1474.9,961.9,1369.7,894.1,1607.64,1655.47,0,3182.9,0,731.77,0,1489.9,2329.04
CPQ,,,0,0,0,0,0,0,0,0,0,0,0,0,0,0,0,0,0,0,0,0,0,0,0
DNAJB4,,,495.61,0,0,161.5,695.32,980.69,806.01,231.04,0,2213.9,357.71,534.1,402.78,0,0,789.24,719.09,988.96,1000.6,0,211.6,1935.7,367.18
KRTAP2-3,,,0,0,0,0,0,0,0,0,0,0,0,0,0,0,3742.7,1181.5,0,0,2285.46,0,0,0,0
ACOX1,,,0,0,0,0,0,0,0,0,0,0,0,0,0,0,104.53,0,0,0,0,0,279.11,0,0
EZR,,,0,0,0,0,0,0,0,0,0,0,0,0,0,0,0,0,0,0,0,0,0,460.92,0
GSTM2,,,0,0,0,0,0,0,0,0,1041.24,0,0,0,0,0,0,0,0,0,0,3418.47,0,9921.15,0
HPD,,,0,0,0,0,0,0,0,0,0,0,0,0,0,0,0,0,0,0,0,0,0,685.67,0
GLUL,,,0,0,0,0,0,0,0,0,0,0,0,0,0,0,0,0,0,0,0,0,0,186.23,0
KRT12,,,0,0,0,0,0,0,0,500.63,530.95,0,0,0,0,0,0,0,0,0,0,0,0,0,0
GSTM1,,,0,0,0,0,0,0,0,0,0,0,0,0,0,0,0,0,0,0,0,0,0,223275,0
F10,,,1997,2057.1,2302.9,2462.3,2914,2845.8,4793.64,0,2696.9,5617.4,2529.6,2587.2,2739.2,4155.14,2526,2427.1,5142,2168.6,2897.4,3742.61,230.28,3079.4,5593.64
CNBP,,,0,0,0,0,0,0,0,0,0,0,0,0,0,0,0,0,0,0,0,0,0,0,0
KRTAP9-7,,,0,0,0,0,0,0,0,0,0,0,0,0,0,0,181.42,0,0,0,224.1,0,0,0,0
KRTAP9-3,,,0,0,0,0,0,0,0,0,0,0,0,0,0,0,505.5,0,0,0,1417,0,0,0,0
FAH,,,0,0,0,0,0,0,0,0,0,0,0,0,0,0,0,0,0,0,0,0,0,1371.64,0
GSTA3,,,0,0,0,0,0,1314.66,0,0,4830.9,0,0,0,0,0,0,0,0,0,0,21495.6,0,57165,0
KRTAP11-1,,,0,0,0,0,0,0,0,0,0,0,0,0,0,0,3153.703,236.49,0,0,823.8,0,0,0,0
ARPC1B,,,0,0,0,0,0,0,0,0,0,0,0,0,0,0,0,0,270.28,0,0,0,0,106.75,0
GC,,,0,0,0,0,0,0,0,0,0,0,0,0,0,0,0,0,0,0,0,0,0,0,0
PSME2,,,0,0,0,0,0,0,0,0,0,0,0,0,0,0,0,0,0,0,0,0,0,0,0
XP32,,,1377.8,10711.1,2341.6,2722.4,7475.45,3661,2669.7,1277.5,4920.6,205.72,291.12,699.99,785.16,1377.3,630.26,3260.7,0,1987.9,2051.2,2077.6,3952.2,2488,1912.2
AFM,,,0,0,781.28,0,0,650.78,0,0,0,0,0,1572.2,0,0,1541.4,0,0,0,0,0,0,0,0
C1QB,,,0,0,0,0,0,0,0,0,0,0,0,0,0,0,0,0,0,0,0,0,0,0,0
ACAT2,,,79.023,0,0,0,0,0,0,0,0,485.3,0,0,0,0,0,121.72,1267.92,0,0,0,0,0,0
PDCD6IP,,,0,0,0,0,0,0,0,0,0,277.71,0,0,0,0,0,0,0,0,0,0,0,0,0
RBM3,,,0,0,0,0,0,0,0,0,0,0,0,0,0,0,0,0,204.09,0,0,0,0,0,0
ATIC,,,0,0,0,0,0,0,0,0,0,0,0,0,0,0,0,0,0,0,0,0,0,401.44,0
ASPRV1,,,0,0,0,0,0,1908.2,0,0,0,0,0,0,0,0,0,0,0,2917,0,0,0,0,0
C6,,,1368.5,292.11,445.61,167.82,0,1034.3,683.97,1348.1,2598.6,2818.9,464.94,759.37,0,1207.4,480,820.24,1454.4,511.44,787.85,678.66,522.32,0,744.17
APOH,,,0,0,0,0,0,0,0,0,0,0,0,0,0,0,0,0,0,0,0,0,0,0,0
CTSD,,,0,0,0,0,0,854.434,0,0,395.48,0,0,0,0,0,0,0,0,0,0,0,0,0,0
RBP4,,,0,0,0,0,0,0,0,0,0,0,0,0,0,0,0,0,0,0,0,0,0,0,0
HAL,,,0,0,0,258.09,0,0,0,0,398.05,0,0,0,0,0,0,0,0,0,0,0,0,0,0
RPS12,,,0,0,0,0,0,0,0,0,0,200.81,0,0,0,0,0,0,0,0,0,0,0,0,0
MGP,,,0,0,0,0,0,0,8234.9,0,0,0,0,0,0,3179.5,0,18083,0,0,0,0,0,0,0
FGL1,,,0,0,0,0,0,0,0,0,380.26,783.88,0,0,0,0,0,0,165.55,0,0,0,0,0,0
SERPINF1,,,4038.2,3389.5,4022.5,4098.5,3837.6,4751,5820.4,4226.5,2530,3727.1,5401.4,5348.5,4931.9,7085.1,3931.2,3774.7,3053.1,3261.3,4849,4364.7,3266.7,5302.3,6239.5
KRTAP9-1,,,0,0,0,0,0,0,0,0,0,0,0,0,0,0,69.677,0,0,0,148.24,0,0,0,0
RPL36,,,0,269.01,0,0,0,188.26,0,0,0,1286.3,0,0,324.55,0,0,0,0,0,0,0,0,0,0
COLEC11,,,0,680.64,618.38,837.47,1650.4,1445.2,1191.2,857.42,794.36,752.68,934.79,1052.2,711.39,0,716.97,969.26,0,547.91,1273,0,0,1005.2,695.1
VNN3,,,0,0,0,0,0,0,0,0,0,0,0,0,0,0,0,0,0,0,0,0,0,0,0
ATP5PO,,,0,0,0,0,0,0,0,0,0,530.88,0,0,0,0,0,0,0,0,0,0,293.17,0,0
SELENOP,,,852.56,554.76,6097.5,3805.3,1303.2,0,1299.7,1723.4,0,0,4381.4,1048.4,2903.9,4474.2,5299.9,752.06,643.4,223.69,520.58,1896.1,851.77,677.23,3789.1
C7,,,317.3,0,0,0,0,411.37,0,0,353.25,806.58,0,0,0,395.31,0,0,840.29,0,0,151.96,0,0,0
S100A9,,,0,510.54,288.41,1198.7,1095,3755.52,721.33,825.7,779.3,0,0,513.5,0,480.07,1103.3,1296.1,773.53,732.15,936.69,0,603.56,0,346.25
DNASE1L3,,,432.33,0,2402.12,1788.38,1351.79,0,0,0,0,0,1565.5,0,0,2179.68,0,0,0,0,1386.5,947.55,0,0,1217.19
PGAM1,,,0,0,0,0,0,0,0,0,0,0,0,0,0,0,0,0,0,0,0,0,0,0,0
PIP,,,122.02,0,0,0,0,0,0,71.701,0,0,1412.09,0,0,0,0,0,0,0,0,0,0,0,0
RPL22L1,,,242.15,0,0,74.193,0,0,688.1,0,0,1056.5,0,240.84,0,0,0,163.02,0,433.94,0,0,0,0,0
TXN,,,0,0,0,1450.8,0,0,0,0,0,0,0,0,0,0,782.96,0,0,979.37,0,0,0,0,0
MST1L,,,18231,0,0,0,29166,0,0,0,0,40588,235.22,0,18876,51078,3106.1,0,0,0,28474,0,12064,0,35617
GAPDHS,,,0,0,0,0,0,0,0,0,0,0,0,0,1261.2,0,0,0,0,0,0,0,0,0,0
TTR,,,0,0,0,0,0,0,0,0,0,0,0,0,0,1271.52,0,0,0,0,0,0,0,0,0
MGAM,,,0,0,0,0,0,0,0,0,0,0,0,0,0,0,0,0,0,0,0,0,0,0,0
RAB27B,,,0,0,0,0,0,0,0,0,0,557.17,0,0,0,0,0,0,579.55,0,0,0,0,0,0
ECM1,,,0,1431.55,0,0,262.8,0,0,0,707.95,0,0,0,0,0,0,0,0,0,0,0,635.94,0,0
PAPLN,,,0,0,2413.4,222.32,0,0,0,0,0,0,0,0,0,0,0,0,0,0,0,0,0,0,195.86
S100A3,,,0,0,0,0,0,0,0,0,0,0,0,0,0,0,0,0,0,0,468.46,0,0,0,0
CDSN,,,0,0,0,65.392,2710.09,624.92,108.14,0,0,0,0,0,0,0,0,0,0,0,0,0,0,0,0
CIRBP,,,0,0,0,0,0,210.049,0,202.05,0,0,0,0,0,0,0,281.73,0,88.772,0,0,0,0,0
ITGB2,,,0,0,0,256.09,0,0,0,0,0,1347.1,0,0,0,0,0,0,0,0,0,0,0,0,0
LCE1B,,,0,0,0,0,0,0,0,0,0,0,0,0,0,0,0,0,0,0,0,0,0,0,0
CRIP1,,,0,6930,0,521.36,1525.3,3590.4,184.09,0,419.93,9220.6,0,0,144.09,0,209.61,2201.3,364.26,0,74.186,575.61,5940.5,451.93,0
SPRR2E,,,0,9703.51,0,0,0,0,0,0,0,0,0,0,0,0,0,0,0,0,0,0,0,0,0
CST6,,,3893.79,2602.27,6621.4,9230.7,7614.8,9592.3,11090,10651.3,3683.58,3464.74,9073.7,8831.6,8927.6,4855.23,7248.7,14133.4,2988.31,8524.81,8160.6,5899.63,5788.24,9110,10878
PRDX4,,,0,0,0,0,0,813.56,0,0,145.33,1680.2,0,0,303.71,0,0,569.32,1794.8,0,0,739.49,785.14,1154.8,0
F11,,,0,0,0,0,0,0,0,0,0,0,0,0,0,0,0,0,0,0,0,0,0,0,0
CSTA,,,0,0,0,0,0,692.97,0,0,0,0,0,0,0,0,0,0,0,0,0,0,0,0,0
S100A8,,,0,0,0,335.71,0,0,0,0,0,0,0,0,0,0,186.12,661.98,0,0,0,0,180.35,0,0
AKR1D1,,,0,0,0,0,0,0,0,0,0,0,0,0,0,0,0,0,0,0,0,0,0,531.63,0
PROS1,,,0,0,0,0,0,0,0,0,0,0,0,0,0,0,0,0,0,0,0,0,0,0,0
AZGP1,,,0,0,0,0,0,153.06,0,0,95.268,0,0,0,0,0,0,0,0,91.516,0,0,0,0,0
CCT6B,,,0,0,0,0,0,0,0,0,0,519.63,0,0,0,0,0,0,0,0,0,0,0,0,0
ARPC3,,,0,0,0,0,0,0,0,0,0,424.31,0,0,0,0,0,0,0,0,0,0,0,0,0
KLKB1,,,0,40587,0,45600,51098,0,0,46978,0,0,47552,44534,72160,0,50510,30022,0,45472,0,0,53690,41806,44551
CLIC4,,,0,0,0,0,0,0,0,0,0,1254.1,0,0,0,0,0,0,0,0,0,0,0,0,0
AMBP,,,187.65,148.11,187.59,284.35,1054.3,641.81,610.5,706.16,1078,1523.6,593.55,487.5,603.43,433.05,496.17,908.05,1580.8,463.29,641.28,326.72,508.94,702.52,351.48
ISG20,,,1265,1611.4,0,805.91,1412.1,2898.8,0,0,0,5075.1,0,884.58,562.1,0,145.96,1879.7,2746.6,1744.8,974.52,0,1707.5,5565.7,471.83
ACAD8,,,0,0,0,0,0,0,0,0,51.158,0,0,0,0,0,0,0,0,0,0,0,0,0,0
KRTAP3-3,,,0,0,0,0,0,0,0,0,0,0,170.88,0,0,0,8386.2,3120.1,0,0,7145.3,271.08,0,0,0
FLT4,,,0,0,0,0,0,0,0,0,0,0,0,0,0,0,0,0,0,0,0,0,0,0,0
LOX,,,0,0,0,0,0,4966.4,0,0,0,0,0,4443.6,0,0,0,0,0,0,0,0,0,0,0
LYG1,,,1516.7,0,1182.4,1985.5,1353,0,1376.1,1735.2,1026.3,0,2095.4,1038.6,1626.3,1722.1,747.7,2559.1,0,1461.8,1025.5,1207.5,1440.9,0,1791.7
AHSG,,,0,0,0,0,0,0,0,0,0,0,0,0,0,0,0,0,0,0,0,0,0,0,0
CTSB,,,0,0,0,0,0,0,0,0,0,0,0,0,0,0,0,0,0,0,0,0,0,0,0
KRTAP3-1,,,0,0,0,0,0,0,0,0,0,0,3269.6,0,707.44,0,38059,9904.5,0,0,21031,0,0,1832.9,0
SERPINB5,,,0,0,0,0,0,0,0,0,0,0,0,0,0,0,0,0,0,206.61,0,0,0,0,0
ARHGDIA,,,0,0,0,0,0,0,0,0,0,0,0,0,0,0,0,0,0,0,0,0,0,0,0
CLU,,,0,0,0,0,0,0,0,0,0,0,0,0,0,0,0,0,0,0,0,0,0,0,0
C5,,,0,0,0,0,0,0,0,0,0,0,0,0,0,0,0,0,0,0,0,0,0,0,0
NUDT16L1,,,0,0,0,0,0,0,0,0,567.03,966.44,0,0,0,0,0,0,405.89,0,0,0,0,0,0
KRTAP3-2,,,0,0,0,0,0,0,0,0,0,0,285.41,0,0,0,19312,2907.4,0,0,13008,358.69,0,0,0
GP5,,,0,0,0,0,0,1644.6,0,0,202.63,4836.8,718.6,0,0,347.89,0,379.43,21515,767.85,3538.8,995.16,587.04,9166.6,0
APOA2,,,0,0,0,0,0,0,0,0,0,0,0,0,0,0,0,0,0,0,0,0,0,0,0
SLC6A4,,,0,0,0,0,0,1372.7,0,0,0,0,133.48,0,0,188.75,0,138.59,4398.6,0,2503.8,354.78,538.09,3252.4,0
CELA2A,,,294.64,0,251.15,0,0,0,473.08,322.35,771.66,0,757.92,455.16,1005.9,1783.9,178.66,0,0,0,0,0,228.46,0,869.69
SPR,,,0,0,0,0,0,0,0,0,0,0,0,0,0,0,0,0,0,0,0,0,0,974.75,0
GATD3B,,,0,0,0,0,0,0,0,0,0,0,0,0,0,0,0,0,0,0,0,0,0,0,0
NCAM1,,,0,0,0,0,0,0,0,0,0,0,0,0,0,0,0,0,0,0,0,0,0,0,0
CST3,,,791.61,0,0,0,0,0,0,0,0,0,0,0,0,0,0,295.74,0,0,0,0,0,0,0
RASGRP2,,,0,0,0,0,0,0,0,0,0,0,0,0,0,0,0,0,0,0,302.87,0,0,480.13,0
DUSP14,,,0,0,0,0,0,0,0,0,0,0,0,0,0,0,669.8,0,0,0,0,0,0,0,0
APOL1,,,0,0,0,0,0,0,0,0,0,0,0,0,0,0,0,0,0,0,0,0,0,0,0
AK1,,,0,0,0,0,0,0,0,0,0,0,0,0,0,0,0,0,0,0,0,0,0,0,0
ABCB6,,,0,0,0,0,457.73,0,0,0,0,0,0,0,0,0,0,0,0,0,0,0,0,2052.8,0
PRSS3,,,0,551.46,0,0,1346.7,463.14,511.45,0,0,1276.9,216.34,1459.5,272.95,0,0,933.15,1794.9,0,633.47,596.43,749.25,331.96,696.51
PF4,,,117556,1086720,24012,113752,141438,374840,63580,92002,58332,172970,62086,57518,520460,75620,76866,435480,284900,167932,113784,456680,1100860,216080,54588
APOE,,,126870,78311,112610,104470,166440,84504,142180,83596,102840,146920,67732,97837,99740,105680,64985,144600,142650,99584,97643,120170,107990,119970,139510
KNG1,,,19457,11738,28315,22155,11095,7454.1,12754,8841.2,19554,13898,9263.5,9092.4,5514,15904,7114,16809,8651.9,9469.1,9775,15615,10404,8192.7,22808
PSMB7,,,0,0,0,0,0,0,0,0,0,0,0,0,0,0,0,0,0,0,0,0,0,0,0
RPIA,,,0,0,0,0,0,0,0,0,0,0,0,0,0,0,0,0,0,0,0,0,0,0,0
CALML3,,,0,0,0,0,0,0,0,0,0,0,0,0,0,0,236.149,0,0,0,0,0,0,0,0
RPL10A,,,0,0,0,0,0,0,0,0,0,0,0,0,0,0,0,0,71.915,0,0,0,0,0,0
PXDNL,,,0,0,717.02,265.51,0,0,445.23,641.87,0,145.36,0,0,0,0,0,425.73,0,0,387.62,0,0,0,446.55
C1QA,,,0,0,0,0,0,0,0,0,0,0,0,0,0,0,0,0,0,0,0,0,0,0,0
TCN2,,,907.14,604.02,484.09,565.25,754.09,0,848.79,892.43,543.25,0,0,0,164.3,837.83,391.78,0,0,732.89,0,698.16,777.65,829.32,938.72
COL6A3,,,0,0,0,526.19,0,0,332.04,0,0,0,0,0,0,0,0,0,0,0,0,0,0,0,0
CFH,,,0,0,0,0,0,0,0,0,0,0,0,0,0,0,0,0,0,0,0,0,0,0,0
LRRC59,,,438.96,0,0,0,0,0,0,762.1,2243.6,1222.4,329.39,0,0,0,597.85,940.1,0,617.8,379.81,229.25,0,737.86,0
KRTAP4-3,,,0,0,0,0,0,0,0,0,0,0,0,0,0,0,0,0,0,0,596.82,0,0,0,0
CAP1,,,0,0,0,0,0,0,0,0,0,662.63,0,0,0,0,0,0,0,0,385.03,0,0,520.96,0
SERPINA6,,,0,0,0,0,0,0,0,0,0,0,0,0,0,0,0,0,0,0,0,0,0,0,0
TUSC1,,,0,0,0,0,0,0,0,0,0,0,0,0,0,0,0,0,250.28,0,0,0,0,0,0
COX6B1,,,0,599.87,0,0,0,548.34,0,0,276.27,1300.7,0,0,0,0,0,629.35,1097.2,319.75,0,0,705.31,0,0
B2M,,,0,0,0,0,0,0,0,0,0,0,0,0,0,0,0,0,0,0,0,0,0,0,0
VCAM1,,,0,0,0,0,0,0,0,0,0,0,0,0,0,0,0,0,0,0,0,0,0,0,0
SLC25A3,,,0,299.05,0,0,0,444.93,0,0,0,514.87,0,0,0,0,0,273.94,875.43,0,0,0,0,0,0
DSC3,,,0,150.32,0,0,0,0,0,0,0,0,0,0,0,0,0,0,0,0,0,0,0,0,0
UQCRC2,,,0,0,0,0,0,0,0,0,0,0,0,0,0,0,0,129.84,719.12,0,0,0,281.32,0,0
IGFBP6,,,0,0,0,0,0,0,0,0,113.68,1287.9,0,0,0,0,0,0,0,0,0,0,0,0,0
PSAPL1,,,0,0,0,0,0,0,0,0,0,0,0,0,0,0,0,0,0,0,0,0,0,0,0
EVPL,,,0,0,0,0,0,0,0,0,0,0,0,0,0,0,0,0,0,0,0,0,0,0,0
LECT2,,,84067,4917.4,57981,69728,33358,32663,63254,73340,44840,31326,41999,58032,0,54302,50450,82061,17683,0,51920,46432,0,26845,19915
LRRIQ1,,,0,0,0,0,0,0,0,0,0,997.7,0,0,0,0,0,0,1263.5,0,0,0,0,0,0
C9,,,4596.6,0,2180.1,0,3780.9,0,0,4871.3,0,0,0,0,0,0,0,0,0,0,0,3716,0,4751,0
SULT1C4,,,0,0,0,0,0,0,0,0,0,0,0,0,0,0,0,0,0,0,0,1043.3,304.99,2708.3,0
DNAJA1,,,0,0,0,0,0,0,0,0,0,124.33,0,0,0,0,0,0,0,0,0,0,0,0,0
PLAU,,,0,0,323.37,0,0,0,0,525.49,0,0,0,0,0,0,0,0,0,0,0,0,0,0,446.29
C2,,,0,0,0,0,0,0,0,124.53,0,0,0,0,400.46,656.59,0,0,915.79,0,0,0,0,0,0
HGF,,,0,0,0,0,0,0,0,0,0,0,0,0,0,0,1505.4,0,0,0,0,0,0,0,0
PAMR1,,,3301.9,0,1608.1,0,0,0,0,0,0,3573.3,0,0,0,0,0,0,0,0,0,2449.1,0,0,0
KMT5B,,,0,0,0,0,0,633.65,0,0,0,0,0,0,0,0,0,0,0,0,0,0,0,0,0
KLK7,,,0,114.56,0,0,0,0,0,0,0,0,0,0,0,0,0,0,0,0,0,0,0,0,0
ALOX12B,,,0,0,0,0,0,0,0,0,0,0,0,0,0,0,0,0,0,0,0,0,0,0,0
KLK1,,,0,0,0,0,0,0,0,875.69,0,0,0,0,0,0,0,0,0,0,0,0,0,0,0
GSTT1,,,0,0,0,0,88.069,0,0,0,0,0,0,0,0,0,0,0,0,0,0,0,0,0,0
CYCS,,,0,0,0,0,0,0,0,0,0,0,0,0,0,0,0,0,0,0,0,0,0,0,0
AHNAK,,,0,0,0,0,0,0,0,0,0,0,0,0,0,0,0,0,0,0,0,0,0,0,0
TRIB3,,,0,0,0,0,0,0,0,0,0,0,0,0,0,0,0,0,0,0,0,0,720.82,0,0
FHOD3,,,0,0,0,0,0,0,0,0,0,0,229260,0,0,0,0,0,0,0,0,0,0,0,0
LCE1A,,,0,0,0,0,0,0,0,0,0,0,0,0,0,0,0,0,0,0,0,0,0,0,0
SLC2A3,,,0,0,0,0,0,0,0,0,0,1927.26,0,0,0,0,0,0,0,0,0,0,0,510.84,0
CLCA4,,,0,0,0,0,0,0,0,0,0,0,0,0,0,0,0,0,0,0,0,0,0,0,0
BLVRA,,,0,0,0,0,0,0,0,0,0,0,0,0,0,0,0,0,0,0,0,0,0,1077.1,0
HIC2,,,0,0,0,0,0,218.6,0,0,0,0,0,0,0,0,0,0,0,0,0,0,0,0,0
NIF3L1,,,0,0,0,0,0,0,0,0,0,0,0,0,0,0,0,0,0,0,0,0,0,0,0
KMT2D,,,0,0,0,0,0,2364.8,0,0,0,0,0,0,0,0,0,0,0,0,0,0,985.67,0,0
OIT3,,,0,0,0,0,0,0,333.66,0,0,0,0,0,0,0,0,0,0,0,0,0,0,0,0
LY75,,,0,0,0,0,0,0,0,0,0,0,0,0,0,0,0,0,0,0,0,0,0,0,0
MCEE,,,1452.8,0,0,0,0,980.92,0,0,0,0,615.2,0,0,1075.6,0,0,0,0,0,0,0,0,0
KIAA1841,,,0,0,0,0,0,0,0,0,0,0,0,0,0,0,0,0,0,883050,0,0,0,0,0
PKMYT1,,,0,0,0,0,0,0,0,0,0,0,0,0,0,0,0,0,0,0,0,0,0,0,0
EIF4G1,,,0,0,0,0,0,0,0,0,0,0,0,0,0,0,0,0,0,0,0,0,0,163.75,0
SCAF11,,,0,0,0,0,0,0,0,0,0,0,0,0,0,0,0,0,0,0,0,0,8718,0,0
FAM91A1,,,0,0,0,0,0,0,0,0,0,0,0,0,0,0,0,0,0,0,0,0,0,0,0
HLCS,,,214.71,0,0,0,0,0,0,0,0,0,0,0,0,0,0,0,0,0,0,0,0,0,0
NFE2,,,0,0,0,0,0,0,0,0,0,0,0,0,0,0,0,0,0,0,0,0,0,0,0
SKIDA1,,,0,0,0,0,0,0,0,0,0,0,0,0,0,0,0,0,0,0,0,0,0,0,0
QARS1,,,0,0,0,0,393460,0,0,0,0,0,0,0,0,0,0,0,0,0,0,0,0,172950,0
JPH3,,,0,0,0,0,0,0,0,0,0,0,0,0,0,0,0,0,0,0,0,0,0,0,0
EPX,,,0,0,0,0,0,0,0,0,0,710.37,0,0,0,0,0,0,0,0,0,0,0,0,0
B4GALT5,,,0,0,0,0,0,0,0,0,0,0,0,0,0,0,0,0,0,547.27,0,0,0,0,0
PRAG1,,,0,0,0,0,0,0,0,0,0,0,0,0,0,0,0,0,0,0,0,0,0,0,0
GNG7,,,0,0,0,0,0,0,0,0,0,71.913,0,0,0,0,0,0,0,0,0,0,0,0,0
GDF15,,,362.05,0,0,0,0,0,0,0,0,0,0,0,0,0,0,0,0,0,0,0,0,0,0
HMGCS2,,,0,0,0,0,0,0,0,0,809.98,0,0,0,0,0,0,0,0,0,0,0,0,0,0
ATXN1L,,,0,0,0,0,0,0,0,0,0,0,0,0,0,0,0,0,0,0,0,0,0,0,0
ZFHX2,,,0,0,0,0,0,0,0,0,0,0,0,0,0,0,0,0,0,0,0,0,0,0,0
LPA,,,0,0,0,0,0,0,0,0,0,0,0,0,0,0,0,0,0,0,0,0,0,0,0
RBM34,,,0,0,0,0,0,0,0,0,0,0,0,0,0,0,0,0,0,0,0,0,0,0,0
PTBP3,,,0,0,0,0,0,0,0,0,0,0,0,0,0,0,0,0,0,0,0,0,0,772.16,0
RALGAPA2,,,0,0,0,0,0,0,0,0,0,0,0,0,0,0,0,0,0,0,0,0,0,0,0
MAP1S,,,0,0,0,0,0,271.72,0,0,0,0,0,0,0,0,0,0,0,0,0,0,0,0,0
FAM149B1,,,0,0,0,0,0,0,0,0,0,0,0,0,0,0,0,0,0,0,0,0,0,0,0
TADA2B,,,0,0,0,0,1106.9,0,0,0,0,0,0,0,0,0,0,0,0,0,0,0,0,0,0
RFX7,,,0,0,0,0,0,0,0,0,39400,0,0,0,0,0,0,0,0,0,0,0,0,0,0
